join_id,TMAS Station ID,TMAS Latitude,TMAS Longitude,TMAS Functional Class,time_period,time_value,total_crashes,fatal_crashes,serious_injuries,vehicle_count,traffic_observation_days,average_vehicle_count
113,000113,33.697436,-84.42434,2U,hour,0,1,0,0,436369,365,1195.53
113,000113,33.697436,-84.42434,2U,hour,1,0,0,0,297467,365,814.98
113,000113,33.697436,-84.42434,2U,hour,2,0,0,0,223844,365,613.27
113,000113,33.697436,-84.42434,2U,hour,3,0,0,0,205585,365,563.25
113,000113,33.697436,-84.42434,2U,hour,4,0,0,0,221091,365,605.73
113,000113,33.697436,-84.42434,2U,hour,5,0,0,0,384174,365,1052.53
113,000113,33.697436,-84.42434,2U,hour,6,0,0,0,692931,365,1898.44
113,000113,33.697436,-84.42434,2U,hour,7,0,0,0,1065442,365,2919.02
113,000113,33.697436,-84.42434,2U,hour,8,1,0,0,1177055,365,3224.81
113,000113,33.697436,-84.42434,2U,hour,9,0,0,0,1092977,365,2994.46
113,000113,33.697436,-84.42434,2U,hour,10,1,0,0,1123673,365,3078.56
113,000113,33.697436,-84.42434,2U,hour,11,0,0,0,1213992,365,3326.01
113,000113,33.697436,-84.42434,2U,hour,12,0,0,0,1330007,365,3643.85
113,000113,33.697436,-84.42434,2U,hour,13,0,0,0,1408394,365,3858.61
113,000113,33.697436,-84.42434,2U,hour,14,1,0,0,1495015,365,4095.93
113,000113,33.697436,-84.42434,2U,hour,15,0,0,0,1599612,365,4382.5
113,000113,33.697436,-84.42434,2U,hour,16,3,0,0,1690455,365,4631.38
113,000113,33.697436,-84.42434,2U,hour,17,1,0,0,1704653,365,4670.28
113,000113,33.697436,-84.42434,2U,hour,18,0,0,0,1493315,365,4091.27
113,000113,33.697436,-84.42434,2U,hour,19,1,0,0,1270120,365,3479.78
113,000113,33.697436,-84.42434,2U,hour,20,0,0,0,1079993,365,2958.88
113,000113,33.697436,-84.42434,2U,hour,21,0,0,0,914089,365,2504.35
113,000113,33.697436,-84.42434,2U,hour,22,0,0,0,780722,365,2138.96
113,000113,33.697436,-84.42434,2U,hour,23,0,0,0,612463,365,1677.98
195,000195,33.67238,-84.41434,1U,hour,0,0,0,0,1024268,364,2813.92
195,000195,33.67238,-84.41434,1U,hour,1,0,0,0,645818,364,1774.23
195,000195,33.67238,-84.41434,1U,hour,2,1,0,0,463473,364,1273.28
195,000195,33.67238,-84.41434,1U,hour,3,0,0,0,490489,364,1347.5
195,000195,33.67238,-84.41434,1U,hour,4,0,0,0,845546,364,2322.93
195,000195,33.67238,-84.41434,1U,hour,5,0,0,0,1628430,364,4473.71
195,000195,33.67238,-84.41434,1U,hour,6,0,0,0,2389859,364,6565.55
195,000195,33.67238,-84.41434,1U,hour,7,0,0,0,2680064,364,7362.81
195,000195,33.67238,-84.41434,1U,hour,8,0,0,0,2754433,364,7567.12
195,000195,33.67238,-84.41434,1U,hour,9,0,0,0,2576275,364,7077.68
195,000195,33.67238,-84.41434,1U,hour,10,0,0,0,2633955,364,7236.14
195,000195,33.67238,-84.41434,1U,hour,11,0,0,0,2750489,364,7556.29
195,000195,33.67238,-84.41434,1U,hour,12,0,0,0,2866991,364,7876.35
195,000195,33.67238,-84.41434,1U,hour,13,0,0,0,2991693,364,8218.94
195,000195,33.67238,-84.41434,1U,hour,14,1,0,0,3073802,364,8444.51
195,000195,33.67238,-84.41434,1U,hour,15,0,0,0,3165565,364,8696.61
195,000195,33.67238,-84.41434,1U,hour,16,0,0,0,3229231,364,8871.51
195,000195,33.67238,-84.41434,1U,hour,17,0,0,0,3185357,364,8750.98
195,000195,33.67238,-84.41434,1U,hour,18,0,0,0,2879393,364,7910.42
195,000195,33.67238,-84.41434,1U,hour,19,0,0,0,2691205,364,7393.42
195,000195,33.67238,-84.41434,1U,hour,20,0,0,0,2495304,364,6855.23
195,000195,33.67238,-84.41434,1U,hour,21,0,0,0,2171763,364,5966.38
195,000195,33.67238,-84.41434,1U,hour,22,0,0,0,1912782,364,5254.9
195,000195,33.67238,-84.41434,1U,hour,23,0,0,0,1476046,364,4055.07
271,000271,33.86529,-84.38077,3U,hour,0,0,0,0,104367,365,285.94
271,000271,33.86529,-84.38077,3U,hour,1,1,0,0,66692,365,182.72
271,000271,33.86529,-84.38077,3U,hour,2,0,0,0,50534,365,138.45
271,000271,33.86529,-84.38077,3U,hour,3,0,0,0,37468,365,102.65
271,000271,33.86529,-84.38077,3U,hour,4,0,0,0,27607,365,75.64
271,000271,33.86529,-84.38077,3U,hour,5,0,0,0,52612,365,144.14
271,000271,33.86529,-84.38077,3U,hour,6,0,0,0,136244,365,373.27
271,000271,33.86529,-84.38077,3U,hour,7,1,0,0,357891,365,980.52
271,000271,33.86529,-84.38077,3U,hour,8,0,0,0,523659,365,1434.68
271,000271,33.86529,-84.38077,3U,hour,9,0,0,0,522772,365,1432.25
271,000271,33.86529,-84.38077,3U,hour,10,0,0,0,547722,365,1500.61
271,000271,33.86529,-84.38077,3U,hour,11,0,0,0,662357,365,1814.68
271,000271,33.86529,-84.38077,3U,hour,12,3,0,0,765834,365,2098.18
271,000271,33.86529,-84.38077,3U,hour,13,0,0,0,740270,365,2028.14
271,000271,33.86529,-84.38077,3U,hour,14,0,0,0,692903,365,1898.36
271,000271,33.86529,-84.38077,3U,hour,15,1,0,1,700002,365,1917.81
271,000271,33.86529,-84.38077,3U,hour,16,1,0,0,699894,365,1917.52
271,000271,33.86529,-84.38077,3U,hour,17,0,0,0,721011,365,1975.37
271,000271,33.86529,-84.38077,3U,hour,18,1,0,0,648533,365,1776.8
271,000271,33.86529,-84.38077,3U,hour,19,1,0,0,525970,365,1441.01
271,000271,33.86529,-84.38077,3U,hour,20,0,0,0,400588,365,1097.5
271,000271,33.86529,-84.38077,3U,hour,21,0,0,0,302541,365,828.88
271,000271,33.86529,-84.38077,3U,hour,22,0,0,0,218347,365,598.21
271,000271,33.86529,-84.38077,3U,hour,23,0,0,0,157225,365,430.75
308,000308,33.8743,-84.44614,1U,hour,0,1,0,0,418489,157,2665.54
308,000308,33.8743,-84.44614,1U,hour,1,0,0,0,276790,157,1762.99
308,000308,33.8743,-84.44614,1U,hour,2,0,0,0,213568,157,1360.31
308,000308,33.8743,-84.44614,1U,hour,3,0,0,0,204078,157,1299.86
308,000308,33.8743,-84.44614,1U,hour,4,0,0,0,264718,157,1686.1
308,000308,33.8743,-84.44614,1U,hour,5,0,0,0,552908,157,3521.71
308,000308,33.8743,-84.44614,1U,hour,6,1,0,0,1037750,157,6609.87
308,000308,33.8743,-84.44614,1U,hour,7,2,0,0,1579149,157,10058.27
308,000308,33.8743,-84.44614,1U,hour,8,1,0,0,1735193,157,11052.18
308,000308,33.8743,-84.44614,1U,hour,9,1,0,0,1556887,157,9916.48
308,000308,33.8743,-84.44614,1U,hour,10,1,0,0,1493373,157,9511.93
308,000308,33.8743,-84.44614,1U,hour,11,1,0,0,1543873,157,9833.59
308,000308,33.8743,-84.44614,1U,hour,12,2,0,0,1610346,157,10256.98
308,000308,33.8743,-84.44614,1U,hour,13,1,0,0,1669976,157,10636.79
308,000308,33.8743,-84.44614,1U,hour,14,1,0,0,1768675,157,11265.45
308,000308,33.8743,-84.44614,1U,hour,15,2,0,0,1879254,157,11969.77
308,000308,33.8743,-84.44614,1U,hour,16,4,0,0,1924165,157,12255.83
308,000308,33.8743,-84.44614,1U,hour,17,3,0,0,1947198,157,12402.54
308,000308,33.8743,-84.44614,1U,hour,18,4,0,0,1715211,157,10924.91
308,000308,33.8743,-84.44614,1U,hour,19,1,0,0,1394729,157,8883.62
308,000308,33.8743,-84.44614,1U,hour,20,0,0,0,1138132,157,7249.25
308,000308,33.8743,-84.44614,1U,hour,21,0,0,0,983864,157,6266.65
308,000308,33.8743,-84.44614,1U,hour,22,2,0,0,866878,157,5521.52
308,000308,33.8743,-84.44614,1U,hour,23,0,0,0,655129,157,4172.8
309,000309,33.67633,-84.39741,1U,hour,0,0,0,0,1093843,344,3179.78
309,000309,33.67633,-84.39741,1U,hour,1,1,0,0,777594,344,2260.45
309,000309,33.67633,-84.39741,1U,hour,2,2,0,1,635001,344,1845.93
309,000309,33.67633,-84.39741,1U,hour,3,2,0,0,655701,344,1906.11
309,000309,33.67633,-84.39741,1U,hour,4,0,0,0,851225,344,2474.49
309,000309,33.67633,-84.39741,1U,hour,5,1,0,0,1645749,344,4784.15
309,000309,33.67633,-84.39741,1U,hour,6,0,0,0,2655655,344,7719.93
309,000309,33.67633,-84.39741,1U,hour,7,3,0,0,3135863,344,9115.88
309,000309,33.67633,-84.39741,1U,hour,8,1,0,0,3008303,344,8745.07
309,000309,33.67633,-84.39741,1U,hour,9,2,0,0,2974984,344,8648.21
309,000309,33.67633,-84.39741,1U,hour,10,1,0,0,3132996,344,9107.55
309,000309,33.67633,-84.39741,1U,hour,11,0,0,0,3243719,344,9429.42
309,000309,33.67633,-84.39741,1U,hour,12,4,0,0,3382829,344,9833.81
309,000309,33.67633,-84.39741,1U,hour,13,1,0,0,3536690,344,10281.08
309,000309,33.67633,-84.39741,1U,hour,14,0,0,0,3746459,344,10890.87
309,000309,33.67633,-84.39741,1U,hour,15,1,0,0,3829791,344,11133.11
309,000309,33.67633,-84.39741,1U,hour,16,0,0,0,3867782,344,11243.55
309,000309,33.67633,-84.39741,1U,hour,17,1,0,0,3794753,344,11031.26
309,000309,33.67633,-84.39741,1U,hour,18,1,0,0,3489802,344,10144.77
309,000309,33.67633,-84.39741,1U,hour,19,3,0,2,3162062,344,9192.04
309,000309,33.67633,-84.39741,1U,hour,20,0,0,0,2754828,344,8008.22
309,000309,33.67633,-84.39741,1U,hour,21,1,0,0,2337459,344,6794.94
309,000309,33.67633,-84.39741,1U,hour,22,3,0,0,2005780,344,5830.76
309,000309,33.67633,-84.39741,1U,hour,23,1,0,0,1570947,344,4566.71
310,000310,33.70881,-84.40227,1U,hour,0,0,0,0,1300716,204,6376.06
310,000310,33.70881,-84.40227,1U,hour,1,0,0,0,903332,204,4428.1
310,000310,33.70881,-84.40227,1U,hour,2,0,0,0,710607,204,3483.37
310,000310,33.70881,-84.40227,1U,hour,3,0,0,0,715879,204,3509.21
310,000310,33.70881,-84.40227,1U,hour,4,0,0,0,976926,204,4788.85
310,000310,33.70881,-84.40227,1U,hour,5,0,0,0,1814407,204,8894.15
310,000310,33.70881,-84.40227,1U,hour,6,5,0,0,2792178,204,13687.15
310,000310,33.70881,-84.40227,1U,hour,7,4,0,0,3137017,204,15377.53
310,000310,33.70881,-84.40227,1U,hour,8,3,0,0,3079954,204,15097.81
310,000310,33.70881,-84.40227,1U,hour,9,4,0,0,3082993,204,15112.71
310,000310,33.70881,-84.40227,1U,hour,10,2,0,0,3232879,204,15847.45
310,000310,33.70881,-84.40227,1U,hour,11,1,0,0,3356472,204,16453.29
310,000310,33.70881,-84.40227,1U,hour,12,2,0,0,3461978,204,16970.48
310,000310,33.70881,-84.40227,1U,hour,13,2,0,0,3547004,204,17387.27
310,000310,33.70881,-84.40227,1U,hour,14,4,0,0,3633351,204,17810.54
310,000310,33.70881,-84.40227,1U,hour,15,1,0,0,3699047,204,18132.58
310,000310,33.70881,-84.40227,1U,hour,16,2,0,0,3711689,204,18194.55
310,000310,33.70881,-84.40227,1U,hour,17,3,0,0,3640150,204,17843.87
310,000310,33.70881,-84.40227,1U,hour,18,1,0,0,3448598,204,16904.89
310,000310,33.70881,-84.40227,1U,hour,19,1,0,0,3270689,204,16032.79
310,000310,33.70881,-84.40227,1U,hour,20,1,0,0,2985593,204,14635.26
310,000310,33.70881,-84.40227,1U,hour,21,0,0,0,2627504,204,12879.92
310,000310,33.70881,-84.40227,1U,hour,22,1,0,0,2331194,204,11427.42
310,000310,33.70881,-84.40227,1U,hour,23,0,0,0,1828009,204,8960.83
313,000313,33.75941,-84.47873,1U,hour,0,0,0,0,857291,298,2876.82
313,000313,33.75941,-84.47873,1U,hour,1,0,0,0,599080,298,2010.34
313,000313,33.75941,-84.47873,1U,hour,2,2,0,0,493788,298,1657.01
313,000313,33.75941,-84.47873,1U,hour,3,2,0,0,500040,298,1677.99
313,000313,33.75941,-84.47873,1U,hour,4,0,0,0,623609,298,2092.65
313,000313,33.75941,-84.47873,1U,hour,5,1,0,0,1193528,298,4005.13
313,000313,33.75941,-84.47873,1U,hour,6,1,0,0,1845851,298,6194.13
313,000313,33.75941,-84.47873,1U,hour,7,1,0,0,2285956,298,7670.99
313,000313,33.75941,-84.47873,1U,hour,8,1,0,0,2362590,298,7928.15
313,000313,33.75941,-84.47873,1U,hour,9,2,0,0,2290092,298,7684.87
313,000313,33.75941,-84.47873,1U,hour,10,0,0,0,2301574,298,7723.4
313,000313,33.75941,-84.47873,1U,hour,11,1,0,0,2398265,298,8047.87
313,000313,33.75941,-84.47873,1U,hour,12,1,0,0,2556988,298,8580.5
313,000313,33.75941,-84.47873,1U,hour,13,1,0,0,2690905,298,9029.88
313,000313,33.75941,-84.47873,1U,hour,14,0,0,0,2895066,298,9714.99
313,000313,33.75941,-84.47873,1U,hour,15,2,0,0,3100851,298,10405.54
313,000313,33.75941,-84.47873,1U,hour,16,4,0,0,3151503,298,10575.51
313,000313,33.75941,-84.47873,1U,hour,17,8,0,0,3074300,298,10316.44
313,000313,33.75941,-84.47873,1U,hour,18,4,0,0,2824636,298,9478.64
313,000313,33.75941,-84.47873,1U,hour,19,2,0,0,2412679,298,8096.24
313,000313,33.75941,-84.47873,1U,hour,20,3,0,0,2060504,298,6914.44
313,000313,33.75941,-84.47873,1U,hour,21,0,0,0,1759780,298,5905.3
313,000313,33.75941,-84.47873,1U,hour,22,0,0,0,1547329,298,5192.38
313,000313,33.75941,-84.47873,1U,hour,23,0,0,0,1229301,298,4125.17
315,000315,33.74291,-84.40256,1U,hour,0,5,0,0,1298347,353,3678.04
315,000315,33.74291,-84.40256,1U,hour,1,2,0,0,904940,353,2563.57
315,000315,33.74291,-84.40256,1U,hour,2,2,0,0,739209,353,2094.08
315,000315,33.74291,-84.40256,1U,hour,3,2,0,0,714939,353,2025.32
315,000315,33.74291,-84.40256,1U,hour,4,2,0,0,836415,353,2369.45
315,000315,33.74291,-84.40256,1U,hour,5,4,0,0,1537450,353,4355.38
315,000315,33.74291,-84.40256,1U,hour,6,4,0,0,2415868,353,6843.82
315,000315,33.74291,-84.40256,1U,hour,7,4,0,0,2996991,353,8490.06
315,000315,33.74291,-84.40256,1U,hour,8,3,0,0,3223219,353,9130.93
315,000315,33.74291,-84.40256,1U,hour,9,8,0,0,3219476,353,9120.33
315,000315,33.74291,-84.40256,1U,hour,10,6,0,0,3265684,353,9251.23
315,000315,33.74291,-84.40256,1U,hour,11,7,0,0,3422990,353,9696.86
315,000315,33.74291,-84.40256,1U,hour,12,4,0,0,3664080,353,10379.83
315,000315,33.74291,-84.40256,1U,hour,13,4,0,0,3823428,353,10831.24
315,000315,33.74291,-84.40256,1U,hour,14,7,0,0,4045687,353,11460.87
315,000315,33.74291,-84.40256,1U,hour,15,7,0,0,4358093,353,12345.87
315,000315,33.74291,-84.40256,1U,hour,16,13,0,1,4387110,353,12428.07
315,000315,33.74291,-84.40256,1U,hour,17,14,0,0,4258097,353,12062.6
315,000315,33.74291,-84.40256,1U,hour,18,9,0,0,3967452,353,11239.24
315,000315,33.74291,-84.40256,1U,hour,19,7,0,0,3477894,353,9852.39
315,000315,33.74291,-84.40256,1U,hour,20,8,0,0,3028052,353,8578.05
315,000315,33.74291,-84.40256,1U,hour,21,8,0,1,2626087,353,7439.34
315,000315,33.74291,-84.40256,1U,hour,22,7,0,1,2291779,353,6492.29
315,000315,33.74291,-84.40256,1U,hour,23,14,1,0,1820766,353,5157.98
322,000322,33.80709,-84.37974,1U,hour,0,8,0,0,1605005,365,4397.27
322,000322,33.80709,-84.37974,1U,hour,1,0,0,0,1029358,365,2820.16
322,000322,33.80709,-84.37974,1U,hour,2,0,0,0,797404,365,2184.67
322,000322,33.80709,-84.37974,1U,hour,3,8,1,1,773820,365,2120.05
322,000322,33.80709,-84.37974,1U,hour,4,1,0,0,1024033,365,2805.57
322,000322,33.80709,-84.37974,1U,hour,5,4,0,0,2222185,365,6088.18
322,000322,33.80709,-84.37974,1U,hour,6,5,0,0,3892113,365,10663.32
322,000322,33.80709,-84.37974,1U,hour,7,6,0,0,4608854,365,12627.0
322,000322,33.80709,-84.37974,1U,hour,8,12,0,0,4644878,365,12725.69
322,000322,33.80709,-84.37974,1U,hour,9,12,0,0,4713319,365,12913.2
322,000322,33.80709,-84.37974,1U,hour,10,6,0,0,4815344,365,13192.72
322,000322,33.80709,-84.37974,1U,hour,11,5,0,0,4898950,365,13421.78
322,000322,33.80709,-84.37974,1U,hour,12,12,0,1,4991874,365,13676.37
322,000322,33.80709,-84.37974,1U,hour,13,6,0,0,5004686,365,13711.47
322,000322,33.80709,-84.37974,1U,hour,14,17,0,0,5043413,365,13817.57
322,000322,33.80709,-84.37974,1U,hour,15,7,0,0,5049814,365,13835.11
322,000322,33.80709,-84.37974,1U,hour,16,12,0,0,4943862,365,13544.83
322,000322,33.80709,-84.37974,1U,hour,17,21,0,0,4908268,365,13447.31
322,000322,33.80709,-84.37974,1U,hour,18,16,0,0,4866989,365,13334.22
322,000322,33.80709,-84.37974,1U,hour,19,16,0,2,4613201,365,12638.91
322,000322,33.80709,-84.37974,1U,hour,20,7,0,0,4037631,365,11062.0
322,000322,33.80709,-84.37974,1U,hour,21,11,0,0,3597670,365,9856.63
322,000322,33.80709,-84.37974,1U,hour,22,9,0,0,3132355,365,8581.79
322,000322,33.80709,-84.37974,1U,hour,23,6,0,0,2404975,365,6588.97
77,000077,33.74314,-84.37869,1U,hour,0,4,1,0,359384,88,4083.91
77,000077,33.74314,-84.37869,1U,hour,1,3,0,0,244673,88,2780.38
77,000077,33.74314,-84.37869,1U,hour,2,2,0,0,186724,88,2121.86
77,000077,33.74314,-84.37869,1U,hour,3,1,0,0,170612,88,1938.77
77,000077,33.74314,-84.37869,1U,hour,4,0,0,0,200997,88,2284.06
77,000077,33.74314,-84.37869,1U,hour,5,1,0,0,378570,88,4301.93
77,000077,33.74314,-84.37869,1U,hour,6,3,0,0,655878,88,7453.16
77,000077,33.74314,-84.37869,1U,hour,7,8,0,0,832049,88,9455.1
77,000077,33.74314,-84.37869,1U,hour,8,15,0,0,888757,88,10099.51
77,000077,33.74314,-84.37869,1U,hour,9,8,0,0,924946,88,10510.75
77,000077,33.74314,-84.37869,1U,hour,10,11,0,0,959422,88,10902.52
77,000077,33.74314,-84.37869,1U,hour,11,6,0,0,1010778,88,11486.11
77,000077,33.74314,-84.37869,1U,hour,12,12,0,0,1080701,88,12280.69
77,000077,33.74314,-84.37869,1U,hour,13,7,0,0,1122456,88,12755.18
77,000077,33.74314,-84.37869,1U,hour,14,20,0,0,1180877,88,13419.06
77,000077,33.74314,-84.37869,1U,hour,15,6,0,0,1254261,88,14252.97
77,000077,33.74314,-84.37869,1U,hour,16,18,0,0,1292146,88,14683.48
77,000077,33.74314,-84.37869,1U,hour,17,14,0,0,1274759,88,14485.9
77,000077,33.74314,-84.37869,1U,hour,18,21,0,0,1184474,88,13459.93
77,000077,33.74314,-84.37869,1U,hour,19,8,0,0,1035440,88,11766.36
77,000077,33.74314,-84.37869,1U,hour,20,9,0,0,867731,88,9860.58
77,000077,33.74314,-84.37869,1U,hour,21,6,0,0,737504,88,8380.73
77,000077,33.74314,-84.37869,1U,hour,22,1,0,0,656514,88,7460.39
77,000077,33.74314,-84.37869,1U,hour,23,4,0,0,521414,88,5925.16
86,000086,33.7862,-84.40443,4U,hour,0,2,0,0,3110,7,444.29
86,000086,33.7862,-84.40443,4U,hour,1,1,0,0,2153,7,307.57
86,000086,33.7862,-84.40443,4U,hour,2,1,0,0,1485,7,212.14
86,000086,33.7862,-84.40443,4U,hour,3,0,0,0,1219,7,174.14
86,000086,33.7862,-84.40443,4U,hour,4,0,0,0,795,7,113.57
86,000086,33.7862,-84.40443,4U,hour,5,0,0,0,1255,7,179.29
86,000086,33.7862,-84.40443,4U,hour,6,0,0,0,2499,7,357.0
86,000086,33.7862,-84.40443,4U,hour,7,0,0,0,3886,7,555.14
86,000086,33.7862,-84.40443,4U,hour,8,1,0,0,5030,7,718.57
86,000086,33.7862,-84.40443,4U,hour,9,3,0,0,5304,7,757.71
86,000086,33.7862,-84.40443,4U,hour,10,1,0,0,5557,7,793.86
86,000086,33.7862,-84.40443,4U,hour,11,2,0,0,6121,7,874.43
86,000086,33.7862,-84.40443,4U,hour,12,4,0,0,6590,7,941.43
86,000086,33.7862,-84.40443,4U,hour,13,2,0,0,6806,7,972.29
86,000086,33.7862,-84.40443,4U,hour,14,3,0,0,7050,7,1007.14
86,000086,33.7862,-84.40443,4U,hour,15,5,0,0,6625,7,946.43
86,000086,33.7862,-84.40443,4U,hour,16,2,0,0,6571,7,938.71
86,000086,33.7862,-84.40443,4U,hour,17,3,0,0,6129,7,875.57
86,000086,33.7862,-84.40443,4U,hour,18,3,0,0,6141,7,877.29
86,000086,33.7862,-84.40443,4U,hour,19,2,0,0,6632,7,947.43
86,000086,33.7862,-84.40443,4U,hour,20,3,0,0,6290,7,898.57
86,000086,33.7862,-84.40443,4U,hour,21,2,0,0,5767,7,823.86
86,000086,33.7862,-84.40443,4U,hour,22,1,0,0,5197,7,742.43
86,000086,33.7862,-84.40443,4U,hour,23,1,0,0,4029,7,575.57
9,000009,33.75873,-84.37843,1U,hour,0,4,0,0,2253054,339,6646.18
9,000009,33.75873,-84.37843,1U,hour,1,5,0,0,1526156,339,4501.94
9,000009,33.75873,-84.37843,1U,hour,2,2,0,0,1199418,339,3538.11
9,000009,33.75873,-84.37843,1U,hour,3,2,0,0,1207091,339,3560.74
9,000009,33.75873,-84.37843,1U,hour,4,4,0,0,1550208,339,4572.88
9,000009,33.75873,-84.37843,1U,hour,5,3,0,1,3044617,339,8981.17
9,000009,33.75873,-84.37843,1U,hour,6,8,0,0,4796926,339,14150.22
9,000009,33.75873,-84.37843,1U,hour,7,9,0,0,5335485,339,15738.89
9,000009,33.75873,-84.37843,1U,hour,8,12,0,0,5245946,339,15474.77
9,000009,33.75873,-84.37843,1U,hour,9,11,0,0,5451831,339,16082.1
9,000009,33.75873,-84.37843,1U,hour,10,8,0,0,5760982,339,16994.05
9,000009,33.75873,-84.37843,1U,hour,11,10,0,0,5834803,339,17211.81
9,000009,33.75873,-84.37843,1U,hour,12,13,0,0,5808478,339,17134.15
9,000009,33.75873,-84.37843,1U,hour,13,13,0,0,5804472,339,17122.34
9,000009,33.75873,-84.37843,1U,hour,14,22,0,0,5656473,339,16685.76
9,000009,33.75873,-84.37843,1U,hour,15,20,0,0,5405054,339,15944.11
9,000009,33.75873,-84.37843,1U,hour,16,18,0,0,5201861,339,15344.72
9,000009,33.75873,-84.37843,1U,hour,17,25,0,0,5070014,339,14955.79
9,000009,33.75873,-84.37843,1U,hour,18,17,0,0,5341213,339,15755.79
9,000009,33.75873,-84.37843,1U,hour,19,14,0,0,5479511,339,16163.75
9,000009,33.75873,-84.37843,1U,hour,20,10,1,0,5095982,339,15032.4
9,000009,33.75873,-84.37843,1U,hour,21,6,0,0,4569361,339,13478.94
9,000009,33.75873,-84.37843,1U,hour,22,8,0,0,4058114,339,11970.84
9,000009,33.75873,-84.37843,1U,hour,23,6,0,1,3210696,339,9471.08
R356,00R356,33.79647,-84.39434,1U,hour,0,4,0,1,204044,364,560.56
R356,00R356,33.79647,-84.39434,1U,hour,1,2,0,0,129000,364,354.4
R356,00R356,33.79647,-84.39434,1U,hour,2,1,0,0,96243,364,264.4
R356,00R356,33.79647,-84.39434,1U,hour,3,1,0,0,93351,364,256.46
R356,00R356,33.79647,-84.39434,1U,hour,4,2,0,0,92135,364,253.12
R356,00R356,33.79647,-84.39434,1U,hour,5,2,0,0,213986,364,587.87
R356,00R356,33.79647,-84.39434,1U,hour,6,3,0,0,443097,364,1217.3
R356,00R356,33.79647,-84.39434,1U,hour,7,3,0,0,758419,364,2083.57
R356,00R356,33.79647,-84.39434,1U,hour,8,3,0,0,811819,364,2230.27
R356,00R356,33.79647,-84.39434,1U,hour,9,2,0,0,762520,364,2094.84
R356,00R356,33.79647,-84.39434,1U,hour,10,10,0,0,727735,364,1999.27
R356,00R356,33.79647,-84.39434,1U,hour,11,9,0,0,769817,364,2114.88
R356,00R356,33.79647,-84.39434,1U,hour,12,6,0,0,820538,364,2254.23
R356,00R356,33.79647,-84.39434,1U,hour,13,5,0,0,865363,364,2377.37
R356,00R356,33.79647,-84.39434,1U,hour,14,10,0,0,929159,364,2552.63
R356,00R356,33.79647,-84.39434,1U,hour,15,4,0,0,983810,364,2702.77
R356,00R356,33.79647,-84.39434,1U,hour,16,9,0,0,986895,364,2711.25
R356,00R356,33.79647,-84.39434,1U,hour,17,9,1,0,987154,364,2711.96
R356,00R356,33.79647,-84.39434,1U,hour,18,9,0,0,901046,364,2475.4
R356,00R356,33.79647,-84.39434,1U,hour,19,6,0,0,709272,364,1948.55
R356,00R356,33.79647,-84.39434,1U,hour,20,6,0,1,554935,364,1524.55
R356,00R356,33.79647,-84.39434,1U,hour,21,2,0,0,484835,364,1331.96
R356,00R356,33.79647,-84.39434,1U,hour,22,2,0,0,419455,364,1152.35
R356,00R356,33.79647,-84.39434,1U,hour,23,2,0,0,322489,364,885.96
R357,00R357,33.6864,-84.401,1U,hour,0,0,0,0,477088,365,1307.09
R357,00R357,33.6864,-84.401,1U,hour,1,2,0,0,299761,365,821.26
R357,00R357,33.6864,-84.401,1U,hour,2,1,0,0,193059,365,528.93
R357,00R357,33.6864,-84.401,1U,hour,3,3,1,0,164302,365,450.14
R357,00R357,33.6864,-84.401,1U,hour,4,1,0,1,280999,365,769.86
R357,00R357,33.6864,-84.401,1U,hour,5,3,0,0,569735,365,1560.92
R357,00R357,33.6864,-84.401,1U,hour,6,4,0,0,881561,365,2415.24
R357,00R357,33.6864,-84.401,1U,hour,7,2,0,0,878601,365,2407.13
R357,00R357,33.6864,-84.401,1U,hour,8,4,0,0,905383,365,2480.5
R357,00R357,33.6864,-84.401,1U,hour,9,2,0,0,985949,365,2701.23
R357,00R357,33.6864,-84.401,1U,hour,10,2,0,0,1049216,365,2874.56
R357,00R357,33.6864,-84.401,1U,hour,11,4,0,0,1065739,365,2919.83
R357,00R357,33.6864,-84.401,1U,hour,12,1,0,0,1065184,365,2918.31
R357,00R357,33.6864,-84.401,1U,hour,13,3,0,0,1080111,365,2959.21
R357,00R357,33.6864,-84.401,1U,hour,14,0,0,0,1067145,365,2923.68
R357,00R357,33.6864,-84.401,1U,hour,15,5,0,0,1058357,365,2899.61
R357,00R357,33.6864,-84.401,1U,hour,16,3,0,0,1035625,365,2837.33
R357,00R357,33.6864,-84.401,1U,hour,17,5,0,0,1007717,365,2760.87
R357,00R357,33.6864,-84.401,1U,hour,18,3,0,0,994045,365,2723.41
R357,00R357,33.6864,-84.401,1U,hour,19,2,0,0,1027326,365,2814.59
R357,00R357,33.6864,-84.401,1U,hour,20,2,0,0,1023153,365,2803.16
R357,00R357,33.6864,-84.401,1U,hour,21,1,0,0,930413,365,2549.08
R357,00R357,33.6864,-84.401,1U,hour,22,3,0,0,877952,365,2405.35
R357,00R357,33.6864,-84.401,1U,hour,23,2,0,0,664836,365,1821.47
R365,00R365,33.7976,-84.3941,1U,hour,0,5,0,0,143774,363,396.07
R365,00R365,33.7976,-84.3941,1U,hour,1,3,0,0,97250,363,267.91
R365,00R365,33.7976,-84.3941,1U,hour,2,6,0,0,84119,363,231.73
R365,00R365,33.7976,-84.3941,1U,hour,3,2,1,0,75568,363,208.18
R365,00R365,33.7976,-84.3941,1U,hour,4,1,0,0,71609,363,197.27
R365,00R365,33.7976,-84.3941,1U,hour,5,2,0,0,133330,363,367.3
R365,00R365,33.7976,-84.3941,1U,hour,6,3,0,0,293028,363,807.24
R365,00R365,33.7976,-84.3941,1U,hour,7,7,0,0,453269,363,1248.67
R365,00R365,33.7976,-84.3941,1U,hour,8,14,0,0,495336,363,1364.56
R365,00R365,33.7976,-84.3941,1U,hour,9,9,0,0,477830,363,1316.34
R365,00R365,33.7976,-84.3941,1U,hour,10,7,0,0,486352,363,1339.81
R365,00R365,33.7976,-84.3941,1U,hour,11,9,0,0,500798,363,1379.61
R365,00R365,33.7976,-84.3941,1U,hour,12,13,0,0,517394,363,1425.33
R365,00R365,33.7976,-84.3941,1U,hour,13,10,0,0,515002,363,1418.74
R365,00R365,33.7976,-84.3941,1U,hour,14,17,0,0,513474,363,1414.53
R365,00R365,33.7976,-84.3941,1U,hour,15,13,0,0,520573,363,1434.09
R365,00R365,33.7976,-84.3941,1U,hour,16,18,0,0,513096,363,1413.49
R365,00R365,33.7976,-84.3941,1U,hour,17,18,0,1,499260,363,1375.37
R365,00R365,33.7976,-84.3941,1U,hour,18,15,0,0,469154,363,1292.44
R365,00R365,33.7976,-84.3941,1U,hour,19,20,0,0,449414,363,1238.06
R365,00R365,33.7976,-84.3941,1U,hour,20,11,0,0,375606,363,1034.73
R365,00R365,33.7976,-84.3941,1U,hour,21,5,0,0,336461,363,926.89
R365,00R365,33.7976,-84.3941,1U,hour,22,9,0,0,273810,363,754.3
R365,00R365,33.7976,-84.3941,1U,hour,23,3,0,0,200068,363,551.15
R376,00R376,33.76358,-84.4916,1U,hour,0,4,0,1,111002,363,305.79
R376,00R376,33.76358,-84.4916,1U,hour,1,4,0,0,87800,363,241.87
R376,00R376,33.76358,-84.4916,1U,hour,2,1,0,1,79271,363,218.38
R376,00R376,33.76358,-84.4916,1U,hour,3,3,0,2,86744,363,238.96
R376,00R376,33.76358,-84.4916,1U,hour,4,0,0,0,135178,363,372.39
R376,00R376,33.76358,-84.4916,1U,hour,5,3,0,0,257472,363,709.29
R376,00R376,33.76358,-84.4916,1U,hour,6,3,0,0,356962,363,983.37
R376,00R376,33.76358,-84.4916,1U,hour,7,8,0,0,376221,363,1036.42
R376,00R376,33.76358,-84.4916,1U,hour,8,6,0,0,370652,363,1021.08
R376,00R376,33.76358,-84.4916,1U,hour,9,4,0,0,386136,363,1063.74
R376,00R376,33.76358,-84.4916,1U,hour,10,8,0,0,407560,363,1122.75
R376,00R376,33.76358,-84.4916,1U,hour,11,5,0,0,424552,363,1169.56
R376,00R376,33.76358,-84.4916,1U,hour,12,6,0,1,432030,363,1190.17
R376,00R376,33.76358,-84.4916,1U,hour,13,7,0,0,433947,363,1195.45
R376,00R376,33.76358,-84.4916,1U,hour,14,7,0,0,447271,363,1232.15
R376,00R376,33.76358,-84.4916,1U,hour,15,9,0,0,451512,363,1243.83
R376,00R376,33.76358,-84.4916,1U,hour,16,19,0,0,459373,363,1265.49
R376,00R376,33.76358,-84.4916,1U,hour,17,9,0,0,462137,363,1273.1
R376,00R376,33.76358,-84.4916,1U,hour,18,10,0,0,437444,363,1205.08
R376,00R376,33.76358,-84.4916,1U,hour,19,5,0,2,393060,363,1082.81
R376,00R376,33.76358,-84.4916,1U,hour,20,2,0,0,324534,363,894.03
R376,00R376,33.76358,-84.4916,1U,hour,21,5,0,0,253224,363,697.59
R376,00R376,33.76358,-84.4916,1U,hour,22,2,0,0,199621,363,549.92
R376,00R376,33.76358,-84.4916,1U,hour,23,6,0,1,149829,363,412.75
R378,00R378,33.79504,-84.392,1U,hour,0,5,0,0,189647,363,522.44
R378,00R378,33.79504,-84.392,1U,hour,1,4,0,1,119071,363,328.02
R378,00R378,33.79504,-84.392,1U,hour,2,1,0,1,87525,363,241.12
R378,00R378,33.79504,-84.392,1U,hour,3,2,0,0,82457,363,227.15
R378,00R378,33.79504,-84.392,1U,hour,4,2,0,0,71267,363,196.33
R378,00R378,33.79504,-84.392,1U,hour,5,1,0,0,144193,363,397.23
R378,00R378,33.79504,-84.392,1U,hour,6,5,0,0,306463,363,844.25
R378,00R378,33.79504,-84.392,1U,hour,7,8,0,0,561313,363,1546.32
R378,00R378,33.79504,-84.392,1U,hour,8,11,0,0,697112,363,1920.42
R378,00R378,33.79504,-84.392,1U,hour,9,5,0,0,612662,363,1687.77
R378,00R378,33.79504,-84.392,1U,hour,10,5,0,0,526065,363,1449.21
R378,00R378,33.79504,-84.392,1U,hour,11,6,0,0,559841,363,1542.26
R378,00R378,33.79504,-84.392,1U,hour,12,13,0,0,608200,363,1675.48
R378,00R378,33.79504,-84.392,1U,hour,13,4,0,0,643390,363,1772.42
R378,00R378,33.79504,-84.392,1U,hour,14,7,0,0,701458,363,1932.39
R378,00R378,33.79504,-84.392,1U,hour,15,10,0,0,766202,363,2110.75
R378,00R378,33.79504,-84.392,1U,hour,16,7,0,0,811086,363,2234.4
R378,00R378,33.79504,-84.392,1U,hour,17,10,0,1,843601,363,2323.97
R378,00R378,33.79504,-84.392,1U,hour,18,11,0,0,772115,363,2127.04
R378,00R378,33.79504,-84.392,1U,hour,19,14,0,0,572062,363,1575.93
R378,00R378,33.79504,-84.392,1U,hour,20,9,0,0,451061,363,1242.59
R378,00R378,33.79504,-84.392,1U,hour,21,7,0,0,402386,363,1108.5
R378,00R378,33.79504,-84.392,1U,hour,22,3,0,0,355848,363,980.3
R378,00R378,33.79504,-84.392,1U,hour,23,3,0,0,287746,363,792.69
113,000113,33.697436,-84.42434,2U,day_of_week,Monday,1,0,0,3247867,52,62458.98
113,000113,33.697436,-84.42434,2U,day_of_week,Tuesday,2,0,0,3410092,52,65578.69
113,000113,33.697436,-84.42434,2U,day_of_week,Wednesday,1,0,0,3490720,52,67129.23
113,000113,33.697436,-84.42434,2U,day_of_week,Thursday,2,0,0,3598549,52,69202.87
113,000113,33.697436,-84.42434,2U,day_of_week,Friday,2,0,0,3756843,52,72246.98
113,000113,33.697436,-84.42434,2U,day_of_week,Saturday,1,0,0,3313473,53,62518.36
113,000113,33.697436,-84.42434,2U,day_of_week,Sunday,0,0,0,2695894,52,51844.12
195,000195,33.67238,-84.41434,1U,day_of_week,Monday,0,0,0,7725981,52,148576.56
195,000195,33.67238,-84.41434,1U,day_of_week,Tuesday,0,0,0,7536118,52,144925.35
195,000195,33.67238,-84.41434,1U,day_of_week,Wednesday,0,0,0,7509620,51,147247.45
195,000195,33.67238,-84.41434,1U,day_of_week,Thursday,0,0,0,8053215,52,154869.52
195,000195,33.67238,-84.41434,1U,day_of_week,Friday,1,0,0,8177994,52,157269.12
195,000195,33.67238,-84.41434,1U,day_of_week,Saturday,0,0,0,7021011,53,132471.91
195,000195,33.67238,-84.41434,1U,day_of_week,Sunday,1,0,0,6998292,52,134582.54
271,000271,33.86529,-84.38077,3U,day_of_week,Monday,1,0,0,1314030,52,25269.81
271,000271,33.86529,-84.38077,3U,day_of_week,Tuesday,2,0,1,1433043,52,27558.52
271,000271,33.86529,-84.38077,3U,day_of_week,Wednesday,2,0,0,1458131,52,28040.98
271,000271,33.86529,-84.38077,3U,day_of_week,Thursday,2,0,0,1470536,52,28279.54
271,000271,33.86529,-84.38077,3U,day_of_week,Friday,0,0,0,1503661,52,28916.56
271,000271,33.86529,-84.38077,3U,day_of_week,Saturday,1,0,0,1383893,53,26111.19
271,000271,33.86529,-84.38077,3U,day_of_week,Sunday,1,0,0,1099749,52,21149.02
308,000308,33.8743,-84.44614,1U,day_of_week,Monday,5,0,0,4193025,24,174709.38
308,000308,33.8743,-84.44614,1U,day_of_week,Tuesday,7,0,0,4431052,24,184627.17
308,000308,33.8743,-84.44614,1U,day_of_week,Wednesday,1,0,0,4505590,24,187732.92
308,000308,33.8743,-84.44614,1U,day_of_week,Thursday,8,0,0,4456526,23,193762.0
308,000308,33.8743,-84.44614,1U,day_of_week,Friday,5,0,0,4564492,23,198456.17
308,000308,33.8743,-84.44614,1U,day_of_week,Saturday,0,0,0,3444531,20,172226.55
308,000308,33.8743,-84.44614,1U,day_of_week,Sunday,2,0,0,2835117,19,149216.68
309,000309,33.67633,-84.39741,1U,day_of_week,Monday,2,0,0,8544703,49,174381.69
309,000309,33.67633,-84.39741,1U,day_of_week,Tuesday,3,0,1,8694107,49,177430.76
309,000309,33.67633,-84.39741,1U,day_of_week,Wednesday,7,0,1,8845452,49,180519.43
309,000309,33.67633,-84.39741,1U,day_of_week,Thursday,5,0,0,9081029,49,185327.12
309,000309,33.67633,-84.39741,1U,day_of_week,Friday,0,0,0,9466905,49,193202.14
309,000309,33.67633,-84.39741,1U,day_of_week,Saturday,4,0,1,8959241,50,179184.82
309,000309,33.67633,-84.39741,1U,day_of_week,Sunday,8,0,0,7698378,49,157109.76
310,000310,33.70881,-84.40227,1U,day_of_week,Monday,3,0,0,8833951,29,304619.0
310,000310,33.70881,-84.40227,1U,day_of_week,Tuesday,11,0,0,8983601,29,309779.34
310,000310,33.70881,-84.40227,1U,day_of_week,Wednesday,1,0,0,9035651,29,311574.17
310,000310,33.70881,-84.40227,1U,day_of_week,Thursday,12,0,0,9371787,29,323165.07
310,000310,33.70881,-84.40227,1U,day_of_week,Friday,7,0,0,9606848,29,331270.62
310,000310,33.70881,-84.40227,1U,day_of_week,Saturday,1,0,0,9138579,30,304619.3
310,000310,33.70881,-84.40227,1U,day_of_week,Sunday,2,0,0,8317749,29,286818.93
313,000313,33.75941,-84.47873,1U,day_of_week,Monday,5,0,0,6395326,42,152269.67
313,000313,33.75941,-84.47873,1U,day_of_week,Tuesday,7,0,0,6674088,42,158906.86
313,000313,33.75941,-84.47873,1U,day_of_week,Wednesday,6,0,0,6972511,43,162151.42
313,000313,33.75941,-84.47873,1U,day_of_week,Thursday,10,0,0,7121281,43,165611.19
313,000313,33.75941,-84.47873,1U,day_of_week,Friday,2,0,0,7407731,43,172272.81
313,000313,33.75941,-84.47873,1U,day_of_week,Saturday,4,0,0,6779377,43,157659.93
313,000313,33.75941,-84.47873,1U,day_of_week,Sunday,2,0,0,5705192,42,135837.9
315,000315,33.74291,-84.40256,1U,day_of_week,Monday,23,0,0,9069365,50,181387.3
315,000315,33.74291,-84.40256,1U,day_of_week,Tuesday,25,0,1,9384522,50,187690.44
315,000315,33.74291,-84.40256,1U,day_of_week,Wednesday,16,0,0,9591758,50,191835.16
315,000315,33.74291,-84.40256,1U,day_of_week,Thursday,24,1,0,9571868,49,195344.24
315,000315,33.74291,-84.40256,1U,day_of_week,Friday,25,0,0,10416438,51,204243.88
315,000315,33.74291,-84.40256,1U,day_of_week,Saturday,19,0,0,9888634,52,190166.04
315,000315,33.74291,-84.40256,1U,day_of_week,Sunday,19,0,2,8401468,51,164734.67
322,000322,33.80709,-84.37974,1U,day_of_week,Monday,23,0,0,12462429,52,239662.1
322,000322,33.80709,-84.37974,1U,day_of_week,Tuesday,29,0,1,12729892,52,244805.62
322,000322,33.80709,-84.37974,1U,day_of_week,Wednesday,33,0,1,12779759,52,245764.6
322,000322,33.80709,-84.37974,1U,day_of_week,Thursday,26,0,0,12947172,52,248984.08
322,000322,33.80709,-84.37974,1U,day_of_week,Friday,37,1,0,13037177,52,250714.94
322,000322,33.80709,-84.37974,1U,day_of_week,Saturday,36,0,1,12649448,53,238668.83
322,000322,33.80709,-84.37974,1U,day_of_week,Sunday,23,0,1,11014124,52,211810.08
77,000077,33.74314,-84.37869,1U,day_of_week,Monday,22,0,0,2536539,12,211378.25
77,000077,33.74314,-84.37869,1U,day_of_week,Tuesday,31,0,0,2768694,13,212976.46
77,000077,33.74314,-84.37869,1U,day_of_week,Wednesday,20,0,0,2840349,13,218488.38
77,000077,33.74314,-84.37869,1U,day_of_week,Thursday,24,0,0,2884358,13,221873.69
77,000077,33.74314,-84.37869,1U,day_of_week,Friday,31,1,0,2771241,12,230936.75
77,000077,33.74314,-84.37869,1U,day_of_week,Saturday,37,0,0,2851272,13,219328.62
77,000077,33.74314,-84.37869,1U,day_of_week,Sunday,23,0,0,2368614,12,197384.5
86,000086,33.7862,-84.40443,4U,day_of_week,Monday,7,0,0,,0,
86,000086,33.7862,-84.40443,4U,day_of_week,Tuesday,7,0,0,,0,
86,000086,33.7862,-84.40443,4U,day_of_week,Wednesday,5,0,0,16254,1,16254.0
86,000086,33.7862,-84.40443,4U,day_of_week,Thursday,5,0,0,47908,3,15969.33
86,000086,33.7862,-84.40443,4U,day_of_week,Friday,8,0,0,17407,1,17407.0
86,000086,33.7862,-84.40443,4U,day_of_week,Saturday,6,0,0,,0,
86,000086,33.7862,-84.40443,4U,day_of_week,Sunday,4,0,0,30672,2,15336.0
9,000009,33.75873,-84.37843,1U,day_of_week,Monday,31,0,0,14688525,48,306010.94
9,000009,33.75873,-84.37843,1U,day_of_week,Tuesday,32,0,0,14528133,48,302669.44
9,000009,33.75873,-84.37843,1U,day_of_week,Wednesday,40,0,0,14904687,49,304177.29
9,000009,33.75873,-84.37843,1U,day_of_week,Thursday,42,0,0,15252195,49,311269.29
9,000009,33.75873,-84.37843,1U,day_of_week,Friday,36,0,0,15743772,49,321301.47
9,000009,33.75873,-84.37843,1U,day_of_week,Saturday,45,0,2,14846031,48,309292.31
9,000009,33.75873,-84.37843,1U,day_of_week,Sunday,24,1,0,13944403,48,290508.4
R356,00R356,33.79647,-84.39434,1U,day_of_week,Monday,15,0,0,1954041,52,37577.71
R356,00R356,33.79647,-84.39434,1U,day_of_week,Tuesday,21,0,0,2096976,52,40326.46
R356,00R356,33.79647,-84.39434,1U,day_of_week,Wednesday,21,0,0,2150696,52,41359.54
R356,00R356,33.79647,-84.39434,1U,day_of_week,Thursday,13,0,0,2209021,52,42481.17
R356,00R356,33.79647,-84.39434,1U,day_of_week,Friday,18,0,1,2212605,52,42550.1
R356,00R356,33.79647,-84.39434,1U,day_of_week,Saturday,13,1,1,1906408,53,35969.96
R356,00R356,33.79647,-84.39434,1U,day_of_week,Sunday,11,0,0,1537370,51,30144.51
R357,00R357,33.6864,-84.401,1U,day_of_week,Monday,7,0,0,2907516,52,55913.77
R357,00R357,33.6864,-84.401,1U,day_of_week,Tuesday,13,1,0,2769238,52,53254.58
R357,00R357,33.6864,-84.401,1U,day_of_week,Wednesday,6,0,0,2753122,52,52944.65
R357,00R357,33.6864,-84.401,1U,day_of_week,Thursday,8,0,0,2837289,52,54563.25
R357,00R357,33.6864,-84.401,1U,day_of_week,Friday,14,0,1,2880585,52,55395.87
R357,00R357,33.6864,-84.401,1U,day_of_week,Saturday,6,0,0,2677481,53,50518.51
R357,00R357,33.6864,-84.401,1U,day_of_week,Sunday,4,0,0,2758026,52,53038.96
R365,00R365,33.7976,-84.3941,1U,day_of_week,Monday,26,0,0,1220875,51,23938.73
R365,00R365,33.7976,-84.3941,1U,day_of_week,Tuesday,37,0,1,1298574,52,24972.58
R365,00R365,33.7976,-84.3941,1U,day_of_week,Wednesday,25,0,0,1282978,52,24672.65
R365,00R365,33.7976,-84.3941,1U,day_of_week,Thursday,49,0,0,1275018,52,24519.58
R365,00R365,33.7976,-84.3941,1U,day_of_week,Friday,34,0,0,1240285,51,24319.31
R365,00R365,33.7976,-84.3941,1U,day_of_week,Saturday,36,1,0,1176783,53,22203.45
R365,00R365,33.7976,-84.3941,1U,day_of_week,Sunday,13,0,0,1001062,52,19251.19
R376,00R376,33.76358,-84.4916,1U,day_of_week,Monday,22,0,1,1067601,52,20530.79
R376,00R376,33.76358,-84.4916,1U,day_of_week,Tuesday,15,0,0,1095258,52,21062.65
R376,00R376,33.76358,-84.4916,1U,day_of_week,Wednesday,24,0,2,1101106,52,21175.12
R376,00R376,33.76358,-84.4916,1U,day_of_week,Thursday,19,0,0,1123009,52,21596.33
R376,00R376,33.76358,-84.4916,1U,day_of_week,Friday,22,0,0,1174918,52,22594.58
R376,00R376,33.76358,-84.4916,1U,day_of_week,Saturday,20,0,1,1074926,53,20281.62
R376,00R376,33.76358,-84.4916,1U,day_of_week,Sunday,14,0,4,886714,50,17734.28
R378,00R378,33.79504,-84.392,1U,day_of_week,Monday,29,0,1,1573224,52,30254.31
R378,00R378,33.79504,-84.392,1U,day_of_week,Tuesday,25,0,0,1804052,52,34693.31
R378,00R378,33.79504,-84.392,1U,day_of_week,Wednesday,21,0,0,1800344,52,34622.0
R378,00R378,33.79504,-84.392,1U,day_of_week,Thursday,25,0,1,1773169,52,34099.4
R378,00R378,33.79504,-84.392,1U,day_of_week,Friday,24,0,1,1670718,52,32129.19
R378,00R378,33.79504,-84.392,1U,day_of_week,Saturday,15,0,0,1441850,53,27204.72
R378,00R378,33.79504,-84.392,1U,day_of_week,Sunday,14,0,0,1109414,50,22188.28
113,000113,33.697436,-84.42434,2U,month,1,1,0,0,1807728,31,58313.81
113,000113,33.697436,-84.42434,2U,month,2,0,0,0,1827517,28,65268.46
113,000113,33.697436,-84.42434,2U,month,3,2,0,0,2089395,31,67399.84
113,000113,33.697436,-84.42434,2U,month,4,0,0,0,1996147,30,66538.23
113,000113,33.697436,-84.42434,2U,month,5,1,0,0,2079270,31,67073.23
113,000113,33.697436,-84.42434,2U,month,6,2,0,0,1913103,30,63770.1
113,000113,33.697436,-84.42434,2U,month,7,1,0,0,1912593,31,61696.55
113,000113,33.697436,-84.42434,2U,month,8,0,0,0,2042856,31,65898.58
113,000113,33.697436,-84.42434,2U,month,9,0,0,0,1985776,30,66192.53
113,000113,33.697436,-84.42434,2U,month,10,1,0,0,2059769,31,66444.16
113,000113,33.697436,-84.42434,2U,month,11,1,0,0,1912848,30,63761.6
113,000113,33.697436,-84.42434,2U,month,12,0,0,0,1886436,31,60852.77
195,000195,33.67238,-84.41434,1U,month,1,0,0,0,3783907,31,122061.52
195,000195,33.67238,-84.41434,1U,month,2,0,0,0,3842156,28,137219.86
195,000195,33.67238,-84.41434,1U,month,3,0,0,0,4520074,31,145808.84
195,000195,33.67238,-84.41434,1U,month,4,0,0,0,4428692,30,147623.07
195,000195,33.67238,-84.41434,1U,month,5,0,0,0,4783359,31,154301.9
195,000195,33.67238,-84.41434,1U,month,6,0,0,0,4517609,30,150586.97
195,000195,33.67238,-84.41434,1U,month,7,0,0,0,4599878,31,148383.16
195,000195,33.67238,-84.41434,1U,month,8,0,0,0,4623462,31,149143.94
195,000195,33.67238,-84.41434,1U,month,9,0,0,0,4538916,30,151297.2
195,000195,33.67238,-84.41434,1U,month,10,0,0,0,4717445,31,152175.65
195,000195,33.67238,-84.41434,1U,month,11,1,0,0,4441845,30,148061.5
195,000195,33.67238,-84.41434,1U,month,12,1,0,0,4224888,30,140829.6
271,000271,33.86529,-84.38077,3U,month,1,1,0,0,767633,31,24762.35
271,000271,33.86529,-84.38077,3U,month,2,0,0,0,746538,28,26662.07
271,000271,33.86529,-84.38077,3U,month,3,1,0,0,833060,31,26872.9
271,000271,33.86529,-84.38077,3U,month,4,0,0,0,815547,30,27184.9
271,000271,33.86529,-84.38077,3U,month,5,0,0,0,849372,31,27399.1
271,000271,33.86529,-84.38077,3U,month,6,1,0,1,807461,30,26915.37
271,000271,33.86529,-84.38077,3U,month,7,0,0,0,780954,31,25192.06
271,000271,33.86529,-84.38077,3U,month,8,1,0,0,846001,31,27290.35
271,000271,33.86529,-84.38077,3U,month,9,2,0,0,808950,30,26965.0
271,000271,33.86529,-84.38077,3U,month,10,2,0,0,834054,31,26904.97
271,000271,33.86529,-84.38077,3U,month,11,1,0,0,773146,30,25771.53
271,000271,33.86529,-84.38077,3U,month,12,0,0,0,800327,31,25817.0
308,000308,33.8743,-84.44614,1U,month,1,4,0,0,4626006,29,159517.45
308,000308,33.8743,-84.44614,1U,month,2,1,0,0,4654519,26,179019.96
308,000308,33.8743,-84.44614,1U,month,3,2,0,0,5596890,30,186563.0
308,000308,33.8743,-84.44614,1U,month,4,4,0,0,5306754,28,189526.93
308,000308,33.8743,-84.44614,1U,month,5,0,0,0,5309905,28,189639.46
308,000308,33.8743,-84.44614,1U,month,6,3,0,0,2936259,16,183516.19
308,000308,33.8743,-84.44614,1U,month,7,2,0,0,,0,
308,000308,33.8743,-84.44614,1U,month,8,2,0,0,,0,
308,000308,33.8743,-84.44614,1U,month,9,1,0,0,,0,
308,000308,33.8743,-84.44614,1U,month,10,1,0,0,,0,
308,000308,33.8743,-84.44614,1U,month,11,3,0,0,,0,
308,000308,33.8743,-84.44614,1U,month,12,5,0,0,,0,
309,000309,33.67633,-84.39741,1U,month,1,1,0,0,4977281,31,160557.45
309,000309,33.67633,-84.39741,1U,month,2,3,0,1,4898733,28,174954.75
309,000309,33.67633,-84.39741,1U,month,3,0,0,0,5632280,31,181686.45
309,000309,33.67633,-84.39741,1U,month,4,3,0,0,3439563,19,181029.63
309,000309,33.67633,-84.39741,1U,month,5,2,0,1,4041171,22,183689.59
309,000309,33.67633,-84.39741,1U,month,6,3,0,0,5519025,30,183967.5
309,000309,33.67633,-84.39741,1U,month,7,3,0,1,5610328,31,180978.32
309,000309,33.67633,-84.39741,1U,month,8,0,0,0,5533172,31,178489.42
309,000309,33.67633,-84.39741,1U,month,9,2,0,0,5263678,29,181506.14
309,000309,33.67633,-84.39741,1U,month,10,4,0,0,5681509,31,183274.48
309,000309,33.67633,-84.39741,1U,month,11,1,0,0,5337486,30,177916.2
309,000309,33.67633,-84.39741,1U,month,12,7,0,0,5355589,31,172760.94
310,000310,33.70881,-84.40227,1U,month,1,2,0,0,8578136,31,276714.06
310,000310,33.70881,-84.40227,1U,month,2,2,0,0,8552310,28,305439.64
310,000310,33.70881,-84.40227,1U,month,3,5,0,0,9519418,30,317313.93
310,000310,33.70881,-84.40227,1U,month,4,1,0,0,9568908,30,318963.6
310,000310,33.70881,-84.40227,1U,month,5,5,0,0,10042127,31,323939.58
310,000310,33.70881,-84.40227,1U,month,6,3,0,0,9619619,30,320653.97
310,000310,33.70881,-84.40227,1U,month,7,2,0,0,7407648,24,308652.0
310,000310,33.70881,-84.40227,1U,month,8,1,0,0,,0,
310,000310,33.70881,-84.40227,1U,month,9,5,0,0,,0,
310,000310,33.70881,-84.40227,1U,month,10,6,0,0,,0,
310,000310,33.70881,-84.40227,1U,month,11,5,0,0,,0,
310,000310,33.70881,-84.40227,1U,month,12,0,0,0,,0,
313,000313,33.75941,-84.47873,1U,month,1,3,0,0,3914478,28,139802.79
313,000313,33.75941,-84.47873,1U,month,2,4,0,0,,0,
313,000313,33.75941,-84.47873,1U,month,3,7,0,0,,0,
313,000313,33.75941,-84.47873,1U,month,4,1,0,0,4072874,25,162914.96
313,000313,33.75941,-84.47873,1U,month,5,4,0,0,4988669,31,160924.81
313,000313,33.75941,-84.47873,1U,month,6,1,0,0,4798895,30,159963.17
313,000313,33.75941,-84.47873,1U,month,7,3,0,0,4761087,31,153583.45
313,000313,33.75941,-84.47873,1U,month,8,2,0,0,4971012,31,160355.23
313,000313,33.75941,-84.47873,1U,month,9,4,0,0,4867483,30,162249.43
313,000313,33.75941,-84.47873,1U,month,10,1,0,0,5107081,31,164744.55
313,000313,33.75941,-84.47873,1U,month,11,2,0,0,4830953,30,161031.77
313,000313,33.75941,-84.47873,1U,month,12,4,0,0,4742974,31,152999.16
315,000315,33.74291,-84.40256,1U,month,1,15,0,0,3802284,23,165316.7
315,000315,33.74291,-84.40256,1U,month,2,13,1,1,5209853,28,186066.18
315,000315,33.74291,-84.40256,1U,month,3,15,0,0,5856583,31,188922.03
315,000315,33.74291,-84.40256,1U,month,4,7,0,0,5770652,30,192355.07
315,000315,33.74291,-84.40256,1U,month,5,12,0,0,5959692,31,192248.13
315,000315,33.74291,-84.40256,1U,month,6,10,0,1,5674715,30,189157.17
315,000315,33.74291,-84.40256,1U,month,7,9,0,0,5705975,31,184063.71
315,000315,33.74291,-84.40256,1U,month,8,12,0,0,5938226,31,191555.68
315,000315,33.74291,-84.40256,1U,month,9,17,0,0,5791796,30,193059.87
315,000315,33.74291,-84.40256,1U,month,10,24,0,0,5275021,27,195371.15
315,000315,33.74291,-84.40256,1U,month,11,10,0,0,5701044,30,190034.8
315,000315,33.74291,-84.40256,1U,month,12,7,0,1,5638212,31,181877.81
322,000322,33.80709,-84.37974,1U,month,1,20,0,0,6758671,31,218021.65
322,000322,33.80709,-84.37974,1U,month,2,19,0,0,6759639,28,241415.68
322,000322,33.80709,-84.37974,1U,month,3,21,1,1,7462894,31,240738.52
322,000322,33.80709,-84.37974,1U,month,4,16,0,1,7405809,30,246860.3
322,000322,33.80709,-84.37974,1U,month,5,17,0,0,7644908,31,246609.94
322,000322,33.80709,-84.37974,1U,month,6,18,0,0,7364795,30,245493.17
322,000322,33.80709,-84.37974,1U,month,7,18,0,0,7406943,31,238933.65
322,000322,33.80709,-84.37974,1U,month,8,17,0,0,7657292,31,247009.42
322,000322,33.80709,-84.37974,1U,month,9,18,0,1,7358090,30,245269.67
322,000322,33.80709,-84.37974,1U,month,10,13,0,0,7581045,31,244549.84
322,000322,33.80709,-84.37974,1U,month,11,10,0,0,7057005,30,235233.5
322,000322,33.80709,-84.37974,1U,month,12,20,0,1,7162910,31,231061.61
77,000077,33.74314,-84.37869,1U,month,1,7,0,0,,0,
77,000077,33.74314,-84.37869,1U,month,2,15,0,0,,0,
77,000077,33.74314,-84.37869,1U,month,3,19,0,0,,0,
77,000077,33.74314,-84.37869,1U,month,4,16,0,0,,0,
77,000077,33.74314,-84.37869,1U,month,5,21,0,0,,0,
77,000077,33.74314,-84.37869,1U,month,6,16,0,0,,0,
77,000077,33.74314,-84.37869,1U,month,7,20,0,0,,0,
77,000077,33.74314,-84.37869,1U,month,8,14,0,0,,0,
77,000077,33.74314,-84.37869,1U,month,9,20,1,0,,0,
77,000077,33.74314,-84.37869,1U,month,10,13,0,0,6859572,31,221276.52
77,000077,33.74314,-84.37869,1U,month,11,16,0,0,6416511,30,213883.7
77,000077,33.74314,-84.37869,1U,month,12,11,0,0,5744984,27,212777.19
86,000086,33.7862,-84.40443,4U,month,1,6,0,0,,0,
86,000086,33.7862,-84.40443,4U,month,2,3,0,0,,0,
86,000086,33.7862,-84.40443,4U,month,3,1,0,0,,0,
86,000086,33.7862,-84.40443,4U,month,4,4,0,0,,0,
86,000086,33.7862,-84.40443,4U,month,5,1,0,0,,0,
86,000086,33.7862,-84.40443,4U,month,6,4,0,0,,0,
86,000086,33.7862,-84.40443,4U,month,7,3,0,0,,0,
86,000086,33.7862,-84.40443,4U,month,8,4,0,0,13578,1,13578.0
86,000086,33.7862,-84.40443,4U,month,9,3,0,0,32937,2,16468.5
86,000086,33.7862,-84.40443,4U,month,10,5,0,0,17094,1,17094.0
86,000086,33.7862,-84.40443,4U,month,11,3,0,0,14487,1,14487.0
86,000086,33.7862,-84.40443,4U,month,12,5,0,0,34145,2,17072.5
9,000009,33.75873,-84.37843,1U,month,1,25,0,0,8821309,31,284558.35
9,000009,33.75873,-84.37843,1U,month,2,13,0,0,8540158,28,305005.64
9,000009,33.75873,-84.37843,1U,month,3,20,0,0,9716967,31,313450.55
9,000009,33.75873,-84.37843,1U,month,4,24,1,0,6010641,19,316349.53
9,000009,33.75873,-84.37843,1U,month,5,23,0,0,7099273,22,322694.23
9,000009,33.75873,-84.37843,1U,month,6,19,0,0,8942797,28,319385.61
9,000009,33.75873,-84.37843,1U,month,7,22,0,1,9833016,31,317194.06
9,000009,33.75873,-84.37843,1U,month,8,15,0,0,9678811,31,312219.71
9,000009,33.75873,-84.37843,1U,month,9,23,0,0,9067668,29,312678.21
9,000009,33.75873,-84.37843,1U,month,10,19,0,1,9732665,31,313956.94
9,000009,33.75873,-84.37843,1U,month,11,22,0,0,7778161,27,288080.04
9,000009,33.75873,-84.37843,1U,month,12,25,0,0,8686280,31,280202.58
R356,00R356,33.79647,-84.39434,1U,month,1,15,0,0,1041707,31,33603.45
R356,00R356,33.79647,-84.39434,1U,month,2,8,0,0,1081155,28,38612.68
R356,00R356,33.79647,-84.39434,1U,month,3,11,0,0,1222060,31,39421.29
R356,00R356,33.79647,-84.39434,1U,month,4,9,0,0,1204098,30,40136.6
R356,00R356,33.79647,-84.39434,1U,month,5,5,0,1,1251355,31,40366.29
R356,00R356,33.79647,-84.39434,1U,month,6,9,0,0,1210228,30,40340.93
R356,00R356,33.79647,-84.39434,1U,month,7,17,1,0,1175888,31,37931.87
R356,00R356,33.79647,-84.39434,1U,month,8,9,0,0,1197917,30,39930.57
R356,00R356,33.79647,-84.39434,1U,month,9,6,0,0,1218750,30,40625.0
R356,00R356,33.79647,-84.39434,1U,month,10,7,0,0,1210106,31,39035.68
R356,00R356,33.79647,-84.39434,1U,month,11,8,0,1,1122552,30,37418.4
R356,00R356,33.79647,-84.39434,1U,month,12,8,0,0,1131301,31,36493.58
R357,00R357,33.6864,-84.401,1U,month,1,2,0,0,1477737,31,47668.94
R357,00R357,33.6864,-84.401,1U,month,2,3,0,0,1442805,28,51528.75
R357,00R357,33.6864,-84.401,1U,month,3,1,0,0,1658942,31,53514.26
R357,00R357,33.6864,-84.401,1U,month,4,3,0,0,1618964,30,53965.47
R357,00R357,33.6864,-84.401,1U,month,5,5,0,0,1749453,31,56433.97
R357,00R357,33.6864,-84.401,1U,month,6,8,0,0,1662515,30,55417.17
R357,00R357,33.6864,-84.401,1U,month,7,4,0,0,1712715,31,55248.87
R357,00R357,33.6864,-84.401,1U,month,8,7,0,1,1711469,31,55208.68
R357,00R357,33.6864,-84.401,1U,month,9,7,1,0,1643616,30,54787.2
R357,00R357,33.6864,-84.401,1U,month,10,3,0,0,1684691,31,54344.87
R357,00R357,33.6864,-84.401,1U,month,11,7,0,0,1601632,30,53387.73
R357,00R357,33.6864,-84.401,1U,month,12,8,0,0,1618718,31,52216.71
R365,00R365,33.7976,-84.3941,1U,month,1,18,0,0,695128,31,22423.48
R365,00R365,33.7976,-84.3941,1U,month,2,16,0,0,685767,28,24491.68
R365,00R365,33.7976,-84.3941,1U,month,3,22,0,0,758638,31,24472.19
R365,00R365,33.7976,-84.3941,1U,month,4,20,0,0,715648,30,23854.93
R365,00R365,33.7976,-84.3941,1U,month,5,14,0,0,738191,31,23812.61
R365,00R365,33.7976,-84.3941,1U,month,6,12,0,1,723910,30,24130.33
R365,00R365,33.7976,-84.3941,1U,month,7,22,0,0,718954,31,23192.06
R365,00R365,33.7976,-84.3941,1U,month,8,13,0,0,755795,31,24380.48
R365,00R365,33.7976,-84.3941,1U,month,9,18,0,0,684016,30,22800.53
R365,00R365,33.7976,-84.3941,1U,month,10,23,1,0,697361,30,23245.37
R365,00R365,33.7976,-84.3941,1U,month,11,21,0,0,630653,29,21746.66
R365,00R365,33.7976,-84.3941,1U,month,12,21,0,0,691514,31,22306.9
R376,00R376,33.76358,-84.4916,1U,month,1,8,0,0,595250,31,19201.61
R376,00R376,33.76358,-84.4916,1U,month,2,12,0,2,585324,28,20904.43
R376,00R376,33.76358,-84.4916,1U,month,3,11,0,0,618402,29,21324.21
R376,00R376,33.76358,-84.4916,1U,month,4,13,0,2,641217,30,21373.9
R376,00R376,33.76358,-84.4916,1U,month,5,11,0,1,656539,31,21178.68
R376,00R376,33.76358,-84.4916,1U,month,6,10,0,0,635582,30,21186.07
R376,00R376,33.76358,-84.4916,1U,month,7,11,0,1,654432,31,21110.71
R376,00R376,33.76358,-84.4916,1U,month,8,13,0,0,649327,31,20946.03
R376,00R376,33.76358,-84.4916,1U,month,9,11,0,0,621448,30,20714.93
R376,00R376,33.76358,-84.4916,1U,month,10,6,0,0,648969,31,20934.48
R376,00R376,33.76358,-84.4916,1U,month,11,19,0,2,604128,30,20137.6
R376,00R376,33.76358,-84.4916,1U,month,12,11,0,0,612914,31,19771.42
R378,00R378,33.79504,-84.392,1U,month,1,16,0,0,848503,31,27371.06
R378,00R378,33.79504,-84.392,1U,month,2,8,0,0,883605,28,31557.32
R378,00R378,33.79504,-84.392,1U,month,3,14,0,0,970500,30,32350.0
R378,00R378,33.79504,-84.392,1U,month,4,14,0,1,959021,30,31967.37
R378,00R378,33.79504,-84.392,1U,month,5,11,0,1,1005004,31,32419.48
R378,00R378,33.79504,-84.392,1U,month,6,5,0,0,975310,30,32510.33
R378,00R378,33.79504,-84.392,1U,month,7,17,0,0,908669,31,29311.9
R378,00R378,33.79504,-84.392,1U,month,8,14,0,0,994076,30,33135.87
R378,00R378,33.79504,-84.392,1U,month,9,19,0,0,965410,30,32180.33
R378,00R378,33.79504,-84.392,1U,month,10,15,0,1,925780,31,29863.87
R378,00R378,33.79504,-84.392,1U,month,11,8,0,0,866377,30,28879.23
R378,00R378,33.79504,-84.392,1U,month,12,12,0,0,870516,31,28081.16
